,Name,Age,Height,Weight,NOC,Medal
232,Abubakar Abbas Abbas,20.0,175.0,66.0,BRN,0
240,Maher Abbas,22.0,178.0,78.0,LIB,0
367,Moustafa Abdel Naser,21.0,176.0,74.0,LBA,0
480,Hassane Abdou,23.0,185.0,67.0,COM,0
1069,Nagmeldin Ali Abubakr,18.0,172.0,63.0,SUD,0
1070,Nagmeldin Ali Abubakr,22.0,172.0,63.0,SUD,0
1167,Fernando Acevedo Portugues,26.0,175.0,65.0,PER,0
1358,Joseph Adam,27.0,172.0,70.0,SEY,0
1418,Zoltn Adamik,23.0,175.0,71.0,HUN,0
1587,James Aryee Addy,24.0,183.0,75.0,GHA,0
1787,Gadi Ado,20.0,173.0,61.0,UGA,0
2304,Gustavo Hernando Aguirre,23.0,185.0,75.0,ARG,0
2473,Abdullah Ali Ahmed,26.0,181.0,73.0,LBA,0
2822,William Michael Jeffrey Akabi-Davis,17.0,187.0,58.0,SLE,0
2825,Kriss Kezie Uche Chukwu Duru Akabusi,25.0,185.0,81.0,GBR,0
3062,Kossi Casimir Akoto,23.0,167.0,73.0,TOG,0
3064,Kossi Casimir Akoto,27.0,167.0,73.0,TOG,0
3163,Saeed Ali Al-Adhreai,21.0,171.0,64.0,YEM,0
3210,Ahmed Mahmoud Al-Assiri,24.0,180.0,72.0,KSA,0
3264,Hamdan Awdah Al-Bishi,19.0,180.0,70.0,KSA,0
3266,Hamdan Awdah Al-Bishi,23.0,180.0,70.0,KSA,0
3271,Mohamed Hamed Al-Bishi,20.0,170.0,65.0,KSA,0
3324,Mohamed Jaman Al-Dosari,26.0,167.0,60.0,KSA,0
3375,Bahaa Al-Farra,21.0,175.0,65.0,PLE,0
3399,Sulaiman Juma Obaid Al-Habsi,18.0,165.0,60.0,OMA,0
3514,Basheer Mohamed Al-Khewani,18.0,175.0,68.0,YEM,0
3554,Mohamed Amer Al-Rashed Al-Malky,21.0,176.0,62.0,OMA,0
3556,Mohamed Amer Al-Rashed Al-Malky,25.0,176.0,62.0,OMA,0
3558,Mohamed Amer Al-Rashed Al-Malky,29.0,176.0,62.0,OMA,0
3654,Haji Bakr Al-Qahtani,23.0,173.0,63.0,KSA,0
3739,Fawzi Dahesh Al-Shammari,21.0,185.0,65.0,KUW,0
3741,Fawzi Dahesh Al-Shammari,25.0,185.0,65.0,KUW,0
4290,"Josip ""Jozo"" Alebi",25.0,177.0,72.0,YUG,0
4292,"Josip ""Jozo"" Alebi",29.0,177.0,72.0,YUG,0
4293,"Josip ""Jozo"" Alebi",33.0,177.0,72.0,YUG,0
4392,Denis Sergeyevich Alekseyev,20.0,185.0,76.0,RUS,0
4688,Anwar Mohamed Ali,25.0,170.0,58.0,YEM,0
5316,Arvid Folke Alnevik (Andersson-),28.0,182.0,70.0,SWE,0
6031,Solomon Amegatcher,21.0,180.0,70.0,GHA,0
6126,Mohamed Amir,22.0,168.0,64.0,MDV,0
6127,Mohamed Amir,26.0,168.0,64.0,MDV,0
6323,Abdul Karim Ohimai Amu,23.0,185.0,77.0,NGR,0
6325,Abdul Karim Ohimai Amu,26.0,185.0,77.0,NGR,0
7250,Daniel Andr,18.0,178.0,70.0,MRI,0
7259,"Georges Ivan ""Go"" Andr (Monnard-)",30.0,188.0,85.0,FRA,0
7503,Frdrique Andrianaivo,24.0,176.0,71.0,MAD,0
8419,John A. Anzrah,29.0,176.0,70.0,KEN,0
8504,Jaime Aparicio Rodewalt ,18.0,170.0,63.0,COL,0
8506,Jaime Aparicio Rodewalt ,27.0,170.0,63.0,COL,0
9082,"Johan Kellgren ""Kell"" Areskough",25.0,175.0,65.0,SWE,0
9266,Vadim Arkhipchuk,27.0,182.0,75.0,URS,0
9402,Gary Armstrong,20.0,181.0,65.0,GBR,0
9534,Marcel Arnold,22.0,183.0,78.0,SUI,0
10027,John Asare-Antwi,24.0,177.0,65.0,GHA,0
10034,Charles Asati,26.0,178.0,68.0,KEN,0
10234,Victor Asirvatham,28.0,168.0,60.0,MAS,0
10400,Jos Nicols Astacio,21.0,166.0,49.0,ESA,0
10671,John Cox Atlee,25.0,180.0,66.0,USA,0
10714,Alessandro Attene,23.0,183.0,75.0,ITA,0
10744,James A. Atuti,30.0,188.0,80.0,KEN,0
11268,Nduka Awazie,19.0,172.0,74.0,NGR,0
11472,Silver Ayoo,21.0,188.0,72.0,UGA,0
11473,Silver Ayoo,29.0,188.0,72.0,UGA,0
11488,Sanjay Claude Ayre,28.0,188.0,84.0,JAM,0
11818,Alonzo Carl Babers,22.0,188.0,70.0,USA,Gold
11882,Subul Babo,26.0,175.0,65.0,PNG,0
11884,Subul Babo,30.0,175.0,65.0,PNG,0
12099,Rolf Erik Vilhelm Back,24.0,185.0,69.0,FIN,0
12165,"Charles James Bacon, Jr.",21.0,183.0,77.0,USA,0
12216,Sunday Bada,23.0,188.0,79.0,NGR,0
12218,Sunday Bada,27.0,188.0,79.0,NGR,0
12220,Sunday Bada,31.0,188.0,79.0,NGR,0
12260,Andrzej Stanisaw Badeski,21.0,173.0,68.0,POL,Bronze
12262,Andrzej Stanisaw Badeski,25.0,173.0,68.0,POL,0
12264,Andrzej Stanisaw Badeski,29.0,173.0,68.0,POL,0
12747,"Andretti ""Dretti"" Bain",22.0,175.0,65.0,BAH,0
12873,Salaheddine Bakar Al-Safi,20.0,185.0,68.0,QAT,0
13090,Jan Balachowski,19.0,183.0,76.0,POL,0
13310,Sean Michael Baldock,23.0,173.0,73.0,GBR,0
13405,"James Allan ""Jimmy"" Ball",25.0,180.0,69.0,CAN,Silver
13407,"James Allan ""Jimmy"" Ball",29.0,180.0,69.0,CAN,0
13628,tefan Balok,23.0,181.0,72.0,SVK,0
13629,tefan Balok,27.0,181.0,72.0,SVK,0
13792,Lewis Simon Banda,21.0,170.0,65.0,ZIM,0
13793,Lewis Simon Banda,25.0,170.0,65.0,ZIM,0
13881,Ferenc Bnhalmi,25.0,172.0,64.0,HUN,0
13882,Ferenc Bnhalmi,29.0,172.0,64.0,HUN,0
14453,"Raymond James ""Ray"" Barbuti",22.0,183.0,82.0,USA,Gold
14716,Daundre Barnaby,21.0,189.0,75.0,CAN,0
15510,John Lavers Bartram,23.0,173.0,68.0,AUS,0
15943,Daniel Batman,19.0,171.0,71.0,AUS,0
16264,"James Steven ""Jamie"" Baulch (Mills-)",27.0,173.0,71.0,GBR,0
18122,Alan Richard Bell,23.0,190.0,82.0,GBR,0
18323,Sergio Bello,22.0,178.0,70.0,ITA,0
18325,Sergio Bello,26.0,178.0,70.0,ITA,0
18618,Jean-Didiace Bmou,25.0,184.0,71.0,CGO,0
18620,Jean-Didiace Bmou,29.0,184.0,71.0,CGO,0
18743,Lahlou Ben Youns,27.0,180.0,75.0,MAR,0
19127,"Timothy David ""Tim"" Benjamin",22.0,183.0,76.0,GBR,0
19236,Todd Anthony Bennett,22.0,170.0,64.0,GBR,0
19238,Todd Anthony Bennett,26.0,170.0,64.0,GBR,0
20267,Kent Bede Bernard,22.0,185.0,77.0,TTO,0
20660,Gilles Bertould,19.0,176.0,63.0,FRA,0
20662,Gilles Bertould,23.0,176.0,63.0,FRA,0
20928,"Timothy ""Tim"" Bethune",22.0,187.0,82.0,CAN,0
21134,Tegegne Bezabeh,23.0,183.0,65.0,ETH,0
21135,Tegegne Bezabeh,27.0,183.0,65.0,ETH,0
21136,Tegegne Bezabeh,30.0,183.0,65.0,ETH,0
21670,Martial Biguet,21.0,183.0,68.0,CAF,0
21671,Martial Biguet,25.0,183.0,68.0,CAF,0
22050,Klemens Biniakowski,25.0,172.0,62.0,POL,0
22074,Kalayathumkuzhi Mathews Binu,23.0,172.0,61.0,IND,0
22791,Roger Anthony Black,26.0,190.0,79.0,GBR,0
22793,Roger Anthony Black,30.0,190.0,79.0,GBR,Silver
22864,Michael Blackwood,25.0,190.0,79.0,JAM,0
22866,Michael Blackwood,29.0,190.0,79.0,JAM,0
22959,Dennis Anthony Blake,21.0,186.0,70.0,JAM,0
23227,Hermann Matthias Blazejczak,24.0,179.0,76.0,GER,0
23819,Jean-Pierre Boccardo,22.0,188.0,72.0,FRA,0
24408,Glenn Bogue,20.0,173.0,67.0,CAN,0
24568,Raymond Boisset,24.0,171.0,72.0,FRA,0
24748,"David Benjamin ""Dave"" Bolen",24.0,175.0,68.0,USA,0
24950,Giuseppe Bommarito,26.0,172.0,64.0,ITA,0
24961,Naftali Bon,23.0,177.0,61.0,KEN,0
25175,Liemarvin Bonevacia,23.0,185.0,74.0,IOA,0
25176,Liemarvin Bonevacia,27.0,185.0,74.0,NED,0
25619,Secundino Borabota Epacua,23.0,172.0,71.0,GEQ,0
25946,Jacques Borle,22.0,180.0,72.0,BEL,0
25947,Jonathan Borle,20.0,180.0,69.0,BEL,0
25949,Jonathan Borle,24.0,180.0,69.0,BEL,0
25952,Jonathan Borle,28.0,180.0,69.0,BEL,0
25954,Kvin Borle,20.0,180.0,67.0,BEL,0
25956,Kvin Borle,24.0,180.0,67.0,BEL,0
25958,Kvin Borle,28.0,180.0,67.0,BEL,0
28296,Slobodan Brankovi,20.0,190.0,82.0,YUG,0
28298,Slobodan Brankovi,24.0,190.0,82.0,IOA,0
28459,"Johannes ""Hanns"" Braun",25.0,180.0,68.0,GER,Silver
28513,Albert Idel Bravo Morales,24.0,199.0,88.0,VEN,0
28515,Albert Idel Bravo Morales,28.0,199.0,88.0,VEN,0
28857,Nery Antonio Brenes Crdenas,22.0,175.0,70.0,CRC,0
28858,Nery Antonio Brenes Crdenas,26.0,175.0,70.0,CRC,0
28860,Nery Antonio Brenes Crdenas,30.0,175.0,70.0,CRC,0
29007,Derrick Keith Brew,26.0,185.0,81.0,USA,Bronze
29024,"Frederick William ""Federico"" Brewster",18.0,175.0,64.0,ARG,0
29213,Robbie Ian Brightwell,20.0,188.0,81.0,GBR,0
29215,Robbie Ian Brightwell,24.0,188.0,81.0,GBR,0
29242,"Alfons ""Fons"" Brijdenbach",21.0,185.0,77.0,BEL,0
29243,"Alfons ""Fons"" Brijdenbach",25.0,185.0,77.0,BEL,0
29496,"George Melbourne ""Mel"" Brock",24.0,181.0,78.0,CAN,0
29999,"Christopher Deon ""Chris"" Brown",21.0,178.0,75.0,BAH,0
30001,"Christopher Deon ""Chris"" Brown",25.0,178.0,75.0,BAH,0
30003,"Christopher Deon ""Chris"" Brown",29.0,178.0,75.0,BAH,0
30005,"Christopher Deon ""Chris"" Brown",33.0,178.0,75.0,BAH,0
30007,"Christopher Deon ""Chris"" Brown",37.0,178.0,75.0,BAH,0
30069,Arthur Godfrey Kilner Brown,21.0,183.0,70.0,GBR,Silver
30161,"Philip Andrew ""Phil"" Brown",22.0,180.0,73.0,GBR,0
30220,Alfred Browne,25.0,179.0,72.0,ANT,0
30223,Alfred Browne,29.0,179.0,72.0,ANT,0
31065,Ivano Bucci,21.0,180.0,80.0,SMR,0
31221,"Joachim ""Jochen"" Bchner",23.0,176.0,74.0,GER,Bronze
31222,"Joachim ""Jochen"" Bchner",27.0,176.0,74.0,GER,0
31571,"Samuel Zanya ""Sam"" Bugri",25.0,182.0,70.0,GHA,0
31572,"Samuel Zanya ""Sam"" Bugri",29.0,182.0,70.0,GHA,0
31866,Hugh Bullard,18.0,170.0,64.0,BAH,0
31947,Manut Bumrungphuk,24.0,164.0,63.0,THA,0
32022,Viktor Volodymyrovych Burakov,25.0,182.0,73.0,URS,0
32334,"Thomas Edmund ""Tom"" Burke",21.0,183.0,66.0,USA,Gold
32355,Hermann Heinrich Burkowitz,20.0,175.0,64.0,GER,0
32457,Ezra Ellsworth Burnham,21.0,173.0,64.0,BAR,0
32924,Vitaliy Mykolaiovych Butrym,21.0,180.0,75.0,UKR,0
32925,Vitaliy Mykolaiovych Butrym,25.0,180.0,75.0,UKR,0
33087,Viktor Bychkov,26.0,186.0,78.0,URS,0
33148,Bror Erik Bylhn,26.0,172.0,61.0,SWE,0
33579,Daniel Stephen Caines,21.0,178.0,73.0,GBR,0
33581,Daniel Stephen Caines,25.0,178.0,73.0,GBR,0
34196,"Bertland ""Bert"" Cameron",20.0,188.0,79.0,JAM,0
34198,"Bertland ""Bert"" Cameron",24.0,188.0,79.0,JAM,0
34199,"Bertland ""Bert"" Cameron",28.0,188.0,79.0,JAM,0
34333,Colin William Ashburner Campbell,22.0,185.0,76.0,GBR,0
34598,David Canal Valero,21.0,182.0,75.0,ESP,0
34601,David Canal Valero,25.0,182.0,75.0,ESP,0
34860,Aldo Canti,23.0,185.0,80.0,FRA,0
35020,Joo Francisco Capindica,21.0,178.0,72.0,ANG,0
35296,Alejandro Manuel Crdeas Robles,21.0,186.0,73.0,MEX,0
35297,Alejandro Manuel Crdeas Robles,25.0,186.0,73.0,MEX,0
35298,Alejandro Manuel Crdeas Robles,29.0,186.0,73.0,MEX,0
35572,Jens Carlowitz,24.0,186.0,76.0,GDR,0
35924,John Conduit Carpenter,23.0,184.0,70.0,USA,0
35954,"William Arthur ""Bill"" Carr",22.0,172.0,66.0,USA,Gold
36166,Noel J. Carroll,26.0,188.0,79.0,IRL,0
36373,Jos de Jess Carvalho,23.0,187.0,81.0,POR,0
36672,Ollan Conley Cassell,27.0,185.0,75.0,USA,0
37468,Machel Cedenio,20.0,183.0,70.0,TTO,0
38207,Ricardo Chambers,23.0,177.0,73.0,JAM,0
39817,Nikolay Nikolayevich Chernetsky,20.0,186.0,74.0,URS,0
40238,James Nyang Chiengjiek,24.0,179.0,59.0,ROT,0
40434,Jonathan Chipalo,26.0,174.0,58.0,ZAM,0
40550,Tawanda Blessings Chiwira,21.0,178.0,68.0,ZIM,0
40552,Tawanda Blessings Chiwira,26.0,178.0,68.0,ZIM,0
41371,Tyler Christopher,24.0,188.0,84.0,CAN,0
41502,Clement Chukwu,23.0,190.0,82.0,NGR,0
42239,Darren Edward Clark,18.0,179.0,76.0,AUS,0
42241,Darren Edward Clark,23.0,179.0,76.0,AUS,0
42354,Davian Dessaline Clarke,20.0,178.0,78.0,JAM,0
42356,Davian Dessaline Clarke,24.0,178.0,78.0,JAM,0
42357,Davian Dessaline Clarke,28.0,178.0,78.0,JAM,0
42657,Laurent Clerc,24.0,180.0,79.0,SUI,0
42672,Gerald Clervil,24.0,173.0,67.0,HAI,0
43178,"Glendon Howard ""Glen"" Cohen",22.0,185.0,76.0,GBR,0
43180,"Glendon Howard ""Glen"" Cohen",26.0,185.0,76.0,GBR,0
43316,"Gerrard Eugene ""Gene"" Cole",23.0,182.0,78.0,USA,0
43463,Williams Collazo Gutirrez,21.0,172.0,71.0,CUB,0
43479,Wayne Curtis Collett,22.0,188.0,84.0,USA,Silver
43770,"Toms ""Tom"" Coman",20.0,190.0,82.0,IRL,0
43947,Vincent Confait,24.0,179.0,67.0,SEY,0
44415,Eswort Lorenzo Brian Coombs,23.0,187.0,74.0,VIN,0
44419,Joseph Coombs,28.0,185.0,80.0,TTO,0
44436,Arthur Cooper,20.0,173.0,66.0,TTO,0
44839,Gaiet Cornet Pamies,25.0,183.0,70.0,ESP,0
44840,Gaiet Cornet Pamies,28.0,183.0,70.0,ESP,0
46458,"William Frederick ""Bill"" Crothers",23.0,183.0,71.0,CAN,0
46535,Siegfried Cruden,24.0,168.0,64.0,SUR,0
46853,Csaba Csutors,22.0,186.0,84.0,HUN,0
46982,Gustavo Cuesta Rosario,27.0,183.0,80.0,DOM,0
47294,Morris Joseph Curotta,19.0,183.0,73.0,AUS,0
47296,Morris Joseph Curotta,23.0,183.0,73.0,AUS,0
47537,Wilfrid Cyriaque,25.0,173.0,70.0,HAI,0
47700,Naiel Santiago D'Almeida,21.0,171.0,65.0,STP,0
47898,Anubes Ferraz da Silva,24.0,179.0,70.0,BRA,0
47913,Delmo da Silva,22.0,173.0,68.0,BRA,0
47922,Evaldo Rosa da Silva,25.0,184.0,73.0,BRA,0
48004,Valdinei Ablio da Silva,24.0,180.0,71.0,BRA,0
48054,Daniel Dbrowski,24.0,182.0,72.0,POL,0
48429,Alfred Daley,26.0,175.0,69.0,JAM,0
48870,Alvin Daniel,23.0,188.0,75.0,TTO,0
49575,Ira Nelson Davenport,24.0,178.0,72.0,USA,0
49620,Ji David,29.0,187.0,80.0,TCH,0
49731,Howard Granville Davies,24.0,178.0,69.0,GBR,0
49821,Edgar Brian Davis,19.0,183.0,74.0,RSA,0
49840,Howard Davis,21.0,185.0,81.0,JAM,0
49895,Malachi John Davis,26.0,183.0,79.0,GBR,0
49906,Otis Crandall Davis,28.0,185.0,74.0,USA,Gold
50158,Gordon Raymond Day,24.0,185.0,74.0,RSA,0
50263,Fernando Pereira de Almeida,23.0,186.0,74.0,BRA,0
50642,Lodewijk De Clerck,24.0,176.0,67.0,BEL,0
51255,"duard ""Eddy"" De Leeuw",24.0,190.0,73.0,BEL,0
51445,Srgio Matias Franco de Menezes,23.0,180.0,78.0,BRA,0
51850,"Frederick Monroe ""Fred"" de Selding",20.0,175.0,68.0,USA,0
51866,Neil De Silva,26.0,175.0,75.0,TTO,0
51867,Neil De Silva,30.0,175.0,75.0,TTO,0
51921,Grson Andrade de Souza,25.0,176.0,74.0,BRA,0
51923,Grson Andrade de Souza,29.0,176.0,74.0,BRA,0
51942,Sidney Telles de Souza,25.0,183.0,65.0,BRA,0
52201,Marcell Dek Nagy,20.0,186.0,73.0,HUN,0
52339,Asfaw Deble,25.0,174.0,61.0,ETH,0
52577,Jacques Lopold Degats,22.0,180.0,76.0,FRA,0
52579,Jacques Lopold Degats,26.0,180.0,76.0,FRA,0
52840,Isidro del Prado,25.0,176.0,73.0,PHI,0
53208,Patrick Delice,20.0,184.0,77.0,TTO,0
53209,Patrick Delice,24.0,184.0,77.0,TTO,0
53451,Francis Demarthon,29.0,178.0,65.0,FRA,0
53802,Dadi Denis,27.0,185.0,78.0,HAI,0
54324,Bereket Desta Gebretsadik,22.0,180.0,63.0,ETH,0
54442,Istvn (Stefan von) Dvn,21.0,170.0,61.0,HUN,0
54800,Alfonso Di Guida,22.0,181.0,74.0,ITA,0
54930,Mohamed Diakit,22.0,176.0,69.0,GUI,0
54944,Boubacar Diallo,29.0,176.0,65.0,SEN,0
54987,Ousmane Diarra,24.0,185.0,73.0,SEN,0
55162,Rodobaldo Daz Arrambarry,26.0,178.0,71.0,CUB,0
55581,Samba Diye,27.0,185.0,75.0,SEN,0
55855,Euripidis Dimosthenous,23.0,180.0,70.0,CYP,0
55856,Euripidis Dimosthenous,27.0,180.0,70.0,CYP,0
55859,"Stylianos ""Stelios"" Dimotsios",29.0,183.0,81.0,GRE,0
56135,Yoyaga Dit Fatogoma Dit Coulibaly,25.0,172.0,67.0,CIV,0
56136,Yoyaga Dit Fatogoma Dit Coulibaly,29.0,172.0,67.0,CIV,0
56343,Leslie Djhone,23.0,187.0,76.0,FRA,0
56345,Leslie Djhone,27.0,187.0,76.0,FRA,0
56763,Kurt Wilhelm Doerry,21.0,179.0,73.0,GER,0
56778,Musa Dogon Yaro,23.0,172.0,70.0,NGR,0
56878,Paul P. Dolan,25.0,185.0,78.0,IRL,0
57055,"Bohdan ""Don"" Domansky",22.0,180.0,77.0,CAN,0
57056,"Bohdan ""Don"" Domansky",29.0,180.0,77.0,CAN,0
57744,Anderson Jorge Oliveira dos Santos,32.0,186.0,69.0,BRA,0
57802,"Osmiro ""Osmar"" Barbosa dos Santos",27.0,175.0,65.0,BRA,0
57822,Wilson David dos Santos,29.0,188.0,74.0,BRA,0
58059,Troy Douglas,25.0,172.0,76.0,BER,0
58060,Troy Douglas,29.0,172.0,76.0,BER,0
58062,Troy Douglas,33.0,172.0,76.0,BER,0
58731,Apisai Driu Baibai,21.0,181.0,70.0,FIJ,0
59131,Didier Dubois,23.0,178.0,68.0,FRA,0
59819,"John Vinzenz Andrew de Villiers ""Vincent"" Duncker",21.0,184.0,77.0,GER,0
59889,Fitzroy Junior Dunkley,23.0,195.0,79.0,JAM,0
60562,"Patrick ""Pat"" Dwyer",22.0,186.0,81.0,AUS,0
60654,Maksim Sergeyevich Dyldin,21.0,175.0,68.0,RUS,0
60656,Maksim Sergeyevich Dyldin,25.0,175.0,68.0,RUS,0
60702,Juan Carlos Pablo Dyrzka,23.0,180.0,77.0,ARG,0
60705,Juan Carlos Pablo Dyrzka,27.0,180.0,77.0,ARG,0
60761,Iliya Dzhivondov,22.0,183.0,74.0,BUL,0
60903,"Benjamin Bangs ""Ben"" Eastman",21.0,185.0,70.0,USA,Silver
61222,Gary John Eddy,19.0,183.0,76.0,AUS,0
61397,"Clarence Sinclair ""Hec"" Edmundson",25.0,183.0,70.0,USA,0
61510,"Philip Aron ""Phil"" Edwards",20.0,176.0,64.0,CAN,0
61581,Kristijan Efremov,21.0,184.0,72.0,MKD,0
61620,Innocent Ejima Egbunike,22.0,174.0,65.0,NGR,0
61622,Innocent Ejima Egbunike,26.0,174.0,65.0,NGR,0
61624,Innocent Ejima Egbunike,30.0,174.0,65.0,NGR,0
61778,Anthony Egwunyenga,25.0,171.0,63.0,NGR,0
61800,Gustavo Ehlers Trstel,23.0,185.0,75.0,CHI,0
62571,Hassan El-Kashief,28.0,175.0,68.0,SUD,0
63385,Robert Simpson Emery,21.0,175.0,64.0,USA,0
63657,Nils Erik Engdahl,21.0,165.0,57.0,SWE,Bronze
63660,Nils Erik Engdahl,25.0,165.0,57.0,SWE,0
63883,Mohammad Reza Entezari,26.0,178.0,73.0,IRI,0
63896,Emilio Gustavo Bodjedi Envela Mahua,20.0,176.0,77.0,GEQ,0
63973,Orukpe Eraiyokan,22.0,180.0,73.0,NGR,0
65039,Hederson Alves Estefani,24.0,183.0,65.0,BRA,0
65374,Lee Edward Evans,21.0,180.0,78.0,USA,Gold
65466,"Daniel Joseph ""Danny Joe"" Everett",21.0,187.0,64.0,USA,Bronze
65468,"Daniel Joseph ""Danny Joe"" Everett",25.0,187.0,64.0,USA,0
65645,Hope Ezeigbo,22.0,201.0,72.0,NGR,0
65682,Sven Per Anders Faager,25.0,186.0,76.0,SWE,0
65819,Luigi Facelli,25.0,175.0,70.0,ITA,0
66287,Samba Fall,27.0,188.0,71.0,MTN,0
66733,Eugene Farrell,23.0,178.0,62.0,IRL,0
66957,Ali Faudet,18.0,185.0,65.0,CHA,0
66958,Ali Faudet,22.0,185.0,65.0,CHA,0
67075,Jean-Max Faustin,21.0,176.0,71.0,HAI,0
67191,Muhammad Fayyaz,21.0,172.0,60.0,PAK,0
67377,Ren Ernest Fger,24.0,176.0,68.0,FRA,0
68621,Pedro Ferrer Andino,18.0,168.0,61.0,PUR,0
68731,Gaston Lucien Fry,19.0,176.0,76.0,FRA,0
68733,Gaston Lucien Fry,24.0,176.0,76.0,FRA,0
69411,Milan Fillo,23.0,178.0,71.0,TCH,0
69593,Baptiste Firiam,17.0,173.0,60.0,VAN,0
69594,Baptiste Firiam,21.0,173.0,60.0,VAN,0
69908,Horatio May Fitch,23.0,175.0,68.0,USA,Silver
71098,Clifton Forbes,22.0,183.0,76.0,JAM,0
71167,Elvis A. Forde,24.0,180.0,74.0,BAR,0
71169,Elvis A. Forde,28.0,180.0,74.0,BAR,0
72055,Alleyne Jeremy Francique,28.0,188.0,75.0,GRN,0
72056,Alleyne Jeremy Francique,32.0,188.0,75.0,GRN,0
72073,Javon Francis,21.0,183.0,68.0,JAM,0
72557,Michael Bruce Frayne,26.0,179.0,66.0,AUS,0
72572,Herman Ronald Frazier,21.0,184.0,73.0,USA,Bronze
72781,"Ronald John ""Ron"" Freeman, III",21.0,183.0,82.0,USA,Bronze
73334,"William Duncan ""Bill"" Fritz",21.0,178.0,67.0,CAN,0
73674,Hortensio Fucil Herrera,25.0,178.0,76.0,VEN,0
73866,Takeshi Salvador Fujiwara Salazar,19.0,175.0,64.0,ESA,0
74804,Amadou Gakou,24.0,175.0,69.0,SEN,0
74805,Amadou Gakou,28.0,175.0,69.0,SEN,0
74807,Amadou Gakou,32.0,175.0,69.0,SEN,0
75058,Anton Sergeyevich Galkin,22.0,185.0,77.0,RUS,0
75205,"Thomas Heaton ""Tom"" Gallon",25.0,169.0,73.0,CAN,0
75256,Matteo Galvan,27.0,183.0,73.0,ITA,0
75852,Angel Garca Delgado,28.0,164.0,71.0,CUB,0
75854,Angel Garca Delgado,32.0,164.0,71.0,CUB,0
76079,Jos Garca Lorenzana,19.0,180.0,82.0,ESP,0
76372,Steven Gardiner,20.0,193.0,94.0,BAH,0
76504,Mark James Garner,23.0,174.0,69.0,AUS,0
77611,Hans-Gnter Geister,23.0,177.0,73.0,GER,0
77928,Winston Oudkerk George,25.0,167.0,66.0,GUY,0
77929,Winston Oudkerk George,29.0,167.0,66.0,GUY,0
78647,Mohammad Hossein Ghafourizadeh,21.0,174.0,65.0,IRI,0
78866,Omar Ghizlat,18.0,175.0,65.0,MAR,0
78867,Omar Ghizlat,21.0,175.0,65.0,MAR,0
79465,David Gillick,25.0,195.0,85.0,IRL,0
80006,Charles Gitonga,24.0,175.0,65.0,KEN,0
80212,Clayton M. Glasgow,23.0,169.0,66.0,GUY,0
80492,Akossi Gnalo,28.0,180.0,70.0,TOG,0
80495,Mathieu Gnanligo Fousseni,21.0,180.0,70.0,BEN,0
80496,Mathieu Gnanligo Fousseni,25.0,180.0,70.0,BEN,0
80968,George Augustus Golding,26.0,187.0,80.0,AUS,0
81177,Dmitry Anatolyevich Golovastov,29.0,187.0,78.0,RUS,0
81654,Jermaine Gonzales,29.0,185.0,82.0,JAM,0
82299,James Allen Gordon,23.0,180.0,70.0,USA,0
82306,Lalonde Keida Gordon,23.0,179.0,83.0,TTO,Bronze
82308,Lalonde Keida Gordon,27.0,179.0,83.0,TTO,0
82577,Richard Kevan Gosper,22.0,188.0,77.0,AUS,0
82579,Richard Kevan Gosper,26.0,188.0,77.0,AUS,0
82733,Rudolf Gtz,25.0,178.0,67.0,CZE,0
82767,Jean-Pierre Goudeau,19.0,183.0,75.0,FRA,0
82889,"Anastasios ""Tasos"" Gousis",21.0,177.0,75.0,GRE,0
82922,John Goville,26.0,173.0,61.0,UGA,0
83070,Konstantin Nikolayevich Grachov,29.0,166.0,63.0,URS,0
83072,Konstantin Nikolayevich Grachov,33.0,166.0,63.0,URS,0
83241,"Timothy Joseph Michael ""Tim"" Graham",25.0,178.0,65.0,GBR,0
83287,Pedro Antonio Grajales Escobar,24.0,172.0,72.0,COL,0
83289,Pedro Antonio Grajales Escobar,28.0,172.0,72.0,COL,0
83507,Peter Treacy Grant,22.0,180.0,70.0,AUS,0
83928,Dean H. Greenaway,25.0,175.0,78.0,IVB,0
83968,Paul Haydon Greene,23.0,184.0,78.0,AUS,0
84660,Hamil O. Grimes,19.0,175.0,69.0,BAR,0
84718,David Allan Grindley,19.0,188.0,79.0,GBR,0
84872,Amos Grodzinowsky,20.0,174.0,65.0,ISR,0
85877,German Guenard Soltero,17.0,176.0,66.0,PUR,0
86135,George James Guida,23.0,175.0,73.0,USA,0
87056,"Eduardo ""Eddy"" Gutirrez James",24.0,187.0,78.0,CUB,0
87253,Robert Guy,32.0,188.0,79.0,TTO,0
87576,Istvn Gyulai,21.0,180.0,73.0,HUN,0
87700,Jean-Pierre Haarhoff,24.0,184.0,78.0,FRA,0
87736,Karl-Friedrich Haas,20.0,186.0,72.0,GER,0
87739,Karl-Friedrich Haas,25.0,186.0,72.0,GER,Silver
87940,Piotr Haczek,23.0,188.0,72.0,POL,0
88085,Carroll Barse Haff,20.0,185.0,70.0,USA,0
89433,"Frdric ""Fred"" Hammer",22.0,178.0,67.0,LUX,0
89601,Kassem Hamz,22.0,166.0,62.0,LIB,0
89854,Mark Ian Handelsman,23.0,183.0,70.0,ISR,0
89990,John Austin Thomas Hanlon,22.0,187.0,74.0,GBR,0
90272,Jens Oluf Smedegaard Hansen,23.0,182.0,65.0,DEN,0
90791,Oskar Hardmeier,22.0,168.0,62.0,SUI,0
91006,Abdalelah Haroun Hassan,19.0,185.0,80.0,QAT,0
91036,"Anthony ""Tony"" Harper",29.0,188.0,66.0,BER,0
91113,"Otis Harris, Jr.",22.0,185.0,83.0,USA,Silver
91130,Alvin Leonardo Harrison,22.0,188.0,80.0,USA,0
91132,Alvin Leonardo Harrison,26.0,188.0,80.0,USA,Silver
91502,Mohamed Mehdi Hasan,20.0,167.0,60.0,BAN,0
91593,Sajjad Hashemi Ahangari,20.0,178.0,69.0,IRI,0
91733,Ibrahim Mohamed Hassan,25.0,185.0,76.0,GHA,0
91765,Issaka Hassane,25.0,190.0,78.0,CHA,0
92039,"Gregory ""Greg"" Haughton",26.0,185.0,79.0,JAM,Bronze
92408,Hirotada Hayase,19.0,174.0,67.0,JPN,0
92410,Hirotada Hayase,24.0,174.0,67.0,JPN,0
92857,Adem Hecini,28.0,175.0,66.0,ALG,0
92858,Amar Hecini,24.0,175.0,70.0,ALG,0
93034,Raymond Alfred Heerenveen,27.0,176.0,62.0,AHO,0
93770,Voitto Valdemar Hellstn,24.0,160.0,72.0,FIN,Bronze
93772,Voitto Valdemar Hellstn,28.0,160.0,72.0,FIN,0
94326,Georges Henry,28.0,173.0,73.0,FRA,0
94369,Tabarie Joil Henry,20.0,185.0,75.0,ISV,0
94370,Tabarie Joil Henry,24.0,185.0,75.0,ISV,0
94486,ngel Valentn de las Heras Lzaro,25.0,177.0,67.0,ESP,0
94960,Roberto Hernndez Prendes,25.0,179.0,74.0,CUB,0
95124,"Bernhard Erich ""Bernd"" Herrmann",24.0,191.0,80.0,FRG,0
95139,Max Herrmann,27.0,176.0,67.0,GER,0
95315,"Timothy ""Tim"" Hesse",24.0,170.0,68.0,GHA,0
95417,Felix Heuertz,25.0,170.0,65.0,LUX,0
95668,Jos Jacinto Hidalgo,25.0,178.0,68.0,VEN,0
95785,Francis Peter Higgins,28.0,179.0,67.0,GBR,0
95932,Clinton Rory Hill,24.0,186.0,77.0,AUS,0
96001,William Hill,19.0,189.0,64.0,HKG,0
96044,"Harry Livingston Hillman, Jr.",22.0,180.0,66.0,USA,Gold
96047,"Harry Livingston Hillman, Jr.",24.0,180.0,66.0,USA,0
96154,"Douglas ""Doug"" Hinds",26.0,178.0,64.0,CAN,0
96981,Charles Teilmann Hoff,21.0,182.0,68.0,NOR,0
97181,Fritz Hofmann,24.0,167.0,56.0,GER,0
97213,Franz-Peter Hofmeister,24.0,185.0,71.0,FRG,0
97349,Rupert L. Hoilette,18.0,170.0,64.0,JAM,0
97736,Runar Rafael Holmberg,25.0,176.0,69.0,FIN,0
98354,Karl Honz,21.0,186.0,82.0,FRG,0
98356,Karl Honz,25.0,186.0,82.0,FRG,0
98786,Isidoro Hornillos Baz,23.0,179.0,71.0,ESP,0
100457,"Matthew Lloyd ""Matt"" Hudson-Smith",21.0,194.0,78.0,GBR,0
100614,Kenmore Henderson Hughes,22.0,175.0,72.0,ANT,0
101215,Erison George Hurtault,23.0,178.0,78.0,DMA,0
101216,Erison George Hurtault,27.0,178.0,78.0,DMA,0
101643,Dane Hyatt,28.0,183.0,86.0,JAM,0
102216,Ardalion Vasilyevich Ignatyev,21.0,173.0,68.0,URS,0
102218,Ardalion Vasilyevich Ignatyev,25.0,173.0,68.0,URS,Bronze
102312,Bruce Ijirighwo,22.0,175.0,73.0,NGR,0
102769,Keiji Imai,18.0,174.0,63.0,JPN,0
103062,Allan Ingraham,22.0,183.0,73.0,BAH,0
103908,Ibrahim Ismail Muftah Faraj,20.0,178.0,70.0,QAT,0
103910,Ibrahim Ismail Muftah Faraj,24.0,178.0,70.0,QAT,0
103911,Ibrahim Ismail Muftah Faraj,28.0,178.0,70.0,QAT,0
105304,Nordin Mohamed Jadi,22.0,170.0,62.0,MAS,0
105305,Nordin Mohamed Jadi,26.0,170.0,62.0,MAS,0
105678,Dawda Jallow,17.0,180.0,70.0,GAM,0
105680,Dawda Jallow,21.0,180.0,70.0,GAM,0
105682,Dawda Jallow,29.0,180.0,70.0,GAM,0
105737,Godday James,24.0,170.0,72.0,NGR,0
105754,Kirani James,19.0,180.0,66.0,GRN,Gold
105755,Kirani James,23.0,180.0,66.0,GRN,Silver
105756,"George Lawrence ""Larry"" James",20.0,181.0,70.0,USA,Silver
105834,Herbert Brotherson Jamison,20.0,173.0,69.0,USA,Silver
105976,Luka Janei,20.0,192.0,80.0,SLO,0
106588,Zbigniew Jaremski,23.0,182.0,75.0,POL,0
106590,Zbigniew Jaremski,27.0,182.0,75.0,POL,0
107021,Arsenio Larosa Jazmin,29.0,180.0,68.0,PHI,0
107046,Ivan Jean-Marie,23.0,185.0,67.0,LCA,0
107134,Tomasz Jdrusik,19.0,173.0,71.0,POL,0
107209,"Manikavasagam ""Mani"" Jegathesan",16.0,174.0,61.0,MAL,0
107343,Martin Jellinghaus,23.0,187.0,83.0,FRG,0
107400,"Charles Lamont ""Charlie"" Jenkins, Sr.",22.0,186.0,74.0,USA,Gold
107406,David Andrew Jenkins,20.0,190.0,82.0,GBR,0
107408,David Andrew Jenkins,24.0,190.0,82.0,GBR,0
107410,David Andrew Jenkins,28.0,190.0,82.0,GBR,0
108905,"Hjalmar ""Hjalle"" Johannesen",25.0,175.0,68.0,NOR,0
109310,Lauri Tommy Bjrn Stig Johansson (-Bjrnquist),25.0,182.0,81.0,SWE,0
109532,George Hy Johnson,18.0,175.0,64.0,LBR,0
109535,George Hy Johnson,22.0,175.0,64.0,LBR,0
109634,Michael Duane Johnson,28.0,183.0,77.0,USA,Gold
109635,Michael Duane Johnson,33.0,183.0,77.0,USA,Gold
110150,"Louis Woodard ""Lou"" Jones, III",24.0,183.0,76.0,USA,0
110205,Richard Jones,22.0,189.0,62.0,GUY,0
110624,Charles Joseph,20.0,172.0,70.0,TTO,0
110626,Charles Joseph,24.0,172.0,70.0,TTO,0
110652,Michael Angelo Joseph,20.0,167.0,66.0,BIZ,0
110723,Michael Craig Joubert,26.0,168.0,62.0,AUS,0
111014,Alberto Juantorena Danger,21.0,190.0,84.0,CUB,0
111015,Alberto Juantorena Danger,25.0,190.0,84.0,CUB,Gold
111018,Alberto Juantorena Danger,29.0,190.0,84.0,CUB,0
111554,"Georg ""Jrg"" Jttner",23.0,183.0,76.0,GER,0
111943,Oleksandr Viktorovych Kaidash,24.0,187.0,74.0,UKR,0
112193,Douglas Kalembo,28.0,178.0,56.0,ZAM,0
112218,Jrgen Kalfelder,24.0,185.0,80.0,GER,0
112232,Wavala Kali,22.0,173.0,66.0,PNG,0
112568,Claver Kamanya,21.0,175.0,65.0,TAN,0
112569,Claver Kamanya,25.0,175.0,65.0,TAN,0
112725,Davis Kamoga,28.0,180.0,73.0,UGA,Bronze
112726,Davis Kamoga,32.0,180.0,73.0,UGA,0
112768,Moses Kamut,22.0,172.0,74.0,VAN,0
112893,Yuzo Kanemaru,20.0,178.0,75.0,JPN,0
112894,Yuzo Kanemaru,24.0,178.0,75.0,JPN,0
112896,Yuzo Kanemaru,28.0,178.0,75.0,JPN,0
113307,Brahim Karabi,26.0,176.0,69.0,TUN,0
114022,Ossi Jalmari Karttunen,28.0,183.0,76.5,FIN,0
114283,Mwana Bute Kasongo,24.0,187.0,72.0,COD,0
114676,Carl Kaufmann,24.0,183.0,76.0,GER,Silver
115697,Simon Tirop Kemboi,25.0,178.0,74.0,KEN,0
115861,Sahr Kendor,17.0,172.0,52.0,SLE,0
116078,Francis Kerbiriou,21.0,178.0,66.0,FRA,0
116204,George Ezekiel Kerr,19.0,180.0,70.0,JAM,0
116418,Reinhold Keskll,23.0,167.0,60.0,EST,0
116809,Ali Khamis Abbas Ali Khamis,21.0,182.0,70.0,BRN,0
116870,"Lawrence G. ""Laurie"" Khan",21.0,169.0,61.0,JAM,0
117073,Panh Khemanith,27.0,171.0,60.0,LAO,0
117652,Raymond Kibet,20.0,185.0,64.0,KEN,0
117654,Victor Kibet,24.0,173.0,68.0,KEN,0
117930,Gary Kikaya Senga,26.0,184.0,75.0,COD,0
117931,Gary Kikaya Senga,30.0,184.0,75.0,COD,0
119400,Manfred Kinder,22.0,184.0,73.0,GER,0
119404,Manfred Kinder,30.0,184.0,73.0,FRG,0
119687,Simeon Kipkemboi,28.0,190.0,74.0,KEN,0
120041,David Kipkorir Kirui,25.0,175.0,71.0,KEN,0
120169,Alphas Leken Kishoyian,21.0,167.0,59.0,KEN,0
120403,David Kitur,21.0,183.0,73.0,KEN,0
120405,David Kitur,29.0,183.0,73.0,KEN,0
120407,Samson Kitur,26.0,186.0,77.0,KEN,Bronze
120409,Samson Kitur,30.0,186.0,77.0,KEN,0
120645,Marcel Klarenbeek,20.0,182.0,76.0,NED,0
121100,Piotr Arkadiusz Klimczak,24.0,182.0,72.0,POL,0
121391,Ireneusz Kluczek,24.0,177.0,68.0,POL,0
121436,Rudolf Klupsch,31.0,173.0,69.0,GER,0
121581,Karel Knnick,28.0,176.0,72.0,TCH,0
121905,Mykhailo Mykolaiovych Knysh,24.0,179.0,79.0,UKR,0
122887,Karel Kol,24.0,182.0,73.0,TCH,0
124912,Dmitry Alekseyevich Kosov,23.0,187.0,80.0,EUN,0
125940,Jerzy Wadysaw Kowalski,23.0,175.0,70.0,POL,0
127074,Tambusamy Krishnan,28.0,180.0,67.0,MAS,0
128130,Johnson Kubisa,28.0,173.0,73.0,BOT,0
128165,Hiroyoshi Kubota,23.0,168.0,53.0,JPN,0
128483,Jrgen Khl,21.0,187.0,76.0,GER,0
128670,Markku Juhani Kukkoaho,25.0,189.0,82.0,FIN,0
128672,Markku Juhani Kukkoaho,29.0,189.0,82.0,FIN,0
128994,Kun Min-Mu,26.0,168.0,60.0,TPE,0
129277,Jassim Karim Kuraishi,22.0,175.0,68.0,IRQ,0
129280,Jassim Karim Kuraishi,26.0,175.0,68.0,IRQ,0
130195,Moses Kyeswa,26.0,178.0,68.0,UGA,0
130313,Marcus la Grange,26.0,186.0,84.0,RSA,0
130333,Sofine Labidi,20.0,186.0,69.0,TUN,0
130334,Sofine Labidi,24.0,186.0,69.0,TUN,0
130670,Mark Daniel Ladbrook,24.0,188.0,75.0,AUS,0
130684,Du'aine Ladejo (Thorne-),25.0,187.0,84.0,GBR,0
130705,Peter Laeng,22.0,180.0,75.0,SUI,0
130793,Sven Lftman,20.0,183.0,80.0,SWE,0
131503,Marcel Lambrechts,29.0,178.0,75.0,BEL,0
132289,Mario Lanzi,21.0,180.0,76.0,ITA,0
132539,Ricardo Larios,23.0,169.0,54.0,NCA,0
132613,"Michael Denny ""Mike"" Larrabee",30.0,186.0,77.0,USA,Gold
132948,Carl Rune Larsson,24.0,178.0,70.0,SWE,0
132971,Gumundur Lrusson,26.0,182.0,72.0,ISL,0
134188,"James Gilbert ""Jim"" Lea, Jr.",24.0,183.0,68.0,USA,0
135875,Leberecht Julius Erich Ernst Lehmann,21.0,170.0,62.0,GER,0
136280,Jnis Leitis,23.0,190.0,75.0,LAT,0
136443,Cephas Lemba,22.0,190.0,77.0,ZAM,0
136617,Deon Christopher Lendore,19.0,179.0,75.0,TTO,0
136619,Deon Christopher Lendore,23.0,179.0,75.0,TTO,0
137155,Yoandys Alberto Lescay Prado,22.0,181.0,77.0,CUB,0
137574,Nigel Levine,23.0,176.0,72.0,GBR,0
137756,"Leslie Charles ""Les"" Lewis",23.0,174.0,67.0,GBR,0
137758,"Leslie Charles ""Les"" Lewis",27.0,174.0,67.0,GBR,0
137776,"Raymond Gray ""Ray"" Lewis",21.0,186.0,74.0,CAN,0
137783,"Steven Earl ""Steve"" Lewis",19.0,188.0,84.0,USA,Gold
137785,"Steven Earl ""Steve"" Lewis",23.0,188.0,84.0,USA,Silver
138271,Li Po-Ting,23.0,179.0,67.0,TPE,0
138681,Claudio Licciardello,22.0,186.0,73.0,ITA,0
138750,Eric Henry Liddell,22.0,173.0,68.0,GBR,Gold
138842,Rico Lieder,20.0,186.0,67.0,GER,0
138948,"James Davies ""Jim"" Lightbody",24.0,173.0,61.0,USA,0
139250,Marshall Nielsen Limon,20.0,184.0,75.0,CAN,0
139326,Lin Kuang-Liang,19.0,175.0,65.0,TPE,0
139507,"Edward Ferdinand Jacob ""Ed"" Lindberg",25.0,177.0,76.0,USA,Bronze
139786,Eric Lindholm,21.0,188.0,78.0,SWE,0
140359,Davison Lishebo,29.0,184.0,73.0,ZAM,0
140502,Yury Nikolayevich Lituyev,27.0,183.0,78.0,URS,0
140754,Liu Xiaosheng,20.0,190.0,77.0,CHN,0
141102,Hector Llatser,26.0,190.0,80.0,FRA,0
141158,Chris Joey Lloyd,23.0,173.0,68.0,DMA,0
141214,Jos Gerardo L'Oficial Olivero,20.0,180.0,77.0,DOM,0
141277,"John Wilfrid ""Johnny"" Loaring",20.0,178.0,74.0,CAN,0
141565,Leonardo Loforte,27.0,174.0,64.0,MOZ,0
141797,Filipe Graca Lomb,28.0,186.0,86.0,POR,0
141840,Vincenzo Lombardo,20.0,180.0,78.0,ITA,0
141932,"Maxwell Warburn ""Maxey"" Long",21.0,182.0,75.0,USA,Gold
142160,Alberto Lpez Davila,21.0,175.0,68.0,GUA,0
142419,Ren Lpez Escobar,21.0,190.0,76.0,ESA,0
142450,Yeimer Lpez Garca,21.0,185.0,78.0,CUB,0
142811,Malik Khaled Ahmed Louahla,22.0,176.0,75.0,ALG,0
142854,Richard Louis,20.0,181.0,70.0,BAR,0
142856,Richard Louis,24.0,181.0,70.0,BAR,0
143079,"Jonnie Eduardo ""Jonni"" Lowe Henrquez",24.0,172.0,70.0,HON,0
143901,Luis Ral Luna Lemus,20.0,195.0,89.0,VEN,0
144122,Kurt Anders Valdemar Lundquist,22.0,190.0,75.0,SWE,0
144207,Emilio Lunghi,25.0,179.0,70.0,ITA,0
144217,J. Jacques Lunis,25.0,181.0,72.0,FRA,0
144316,Charles Lupiya,27.0,172.0,76.0,ZAM,0
144515,"James Ellis ""Jimmy"" LuValle",23.0,185.0,73.0,USA,Bronze
145259,Ismail Maev,28.0,167.0,61.0,YUG,0
145276,Gerard Zygfryd Mach,25.0,175.0,71.0,POL,0
145564,Ross MacKenzie,22.0,183.0,72.0,CAN,0
145617,Robert Makowiak,30.0,180.0,78.0,POL,0
145638,Brian MacLaren,28.0,180.0,75.0,CAN,0
146058,Christopher Madzokere,30.0,177.0,72.0,ZIM,0
146224,Ramon Magarios Duro,20.0,182.0,75.0,ESP,0
146484,Bachir Mahamat,19.0,186.0,59.0,CHA,0
146816,Nicodemus Maipampe,30.0,168.0,63.0,ZAM,0
147041,Mamman Makama,21.0,174.0,72.0,NGR,0
147045,Mdard Makanga,25.0,180.0,75.0,CGO,0
147328,Isaac Makwala,25.0,185.0,78.0,BOT,0
147329,Isaac Makwala,29.0,185.0,78.0,BOT,0
147451,Vctor Maldonado Flores,25.0,183.0,63.0,VEN,0
147559,"Georges Dsir ""Go"" Malfait",27.0,169.0,60.0,FRA,0
147562,"Georges Dsir ""Go"" Malfait",29.0,169.0,60.0,FRA,0
147564,"Georges Dsir ""Go"" Malfait",33.0,169.0,60.0,FRA,0
147576,Arnaud Malherbe,23.0,187.0,73.0,RSA,0
147578,Arnaud Malherbe,27.0,187.0,73.0,RSA,0
147660,Stefano Malinverni,21.0,180.0,73.0,ITA,0
148353,Flix Ivn Mangual Guilbe,24.0,177.0,66.0,PUR,0
148458,Horst Mann,29.0,178.0,67.0,GER,0
149208,Marcin Waldemar Marciniszyn,29.0,185.0,77.0,POL,0
149578,Evans Marie,21.0,176.0,73.0,SEY,0
149875,Viktor Fyodorovich Markin,23.0,183.0,73.0,URS,Gold
150728,Roxbert Martin,26.0,178.0,66.0,JAM,0
150762,Jean-Paul Marc Pierre Martin du Gard,29.0,182.0,75.0,FRA,0
150859,Carlos Felipe Martnez Diosa,23.0,176.0,70.0,CUB,0
150905,Flix Adolfo Martnez Cuevas,23.0,183.0,75.0,PUR,0
151634,Gakologelwang Lesiba Masheto,23.0,178.0,60.0,BOT,0
151688,Pavel Maslk,21.0,176.0,66.0,CZE,0
151689,Pavel Maslk,25.0,176.0,66.0,CZE,0
151810,Yousef Ahmed Al-Masrahi,24.0,176.0,76.0,KSA,0
151828,"James ""Jimmy"" Massallay",27.0,175.0,60.0,SLE,0
152262,Michael Walter Mathieu,24.0,178.0,76.0,BAH,0
152395,Junkichi Matoba,21.0,168.0,65.0,JPN,0
152513,Ollie Genoa Matson,22.0,188.0,89.0,USA,Bronze
152814,"Vincent Edward ""Vince"" Matthews",24.0,187.0,81.0,USA,Gold
153215,Sunday Maweni,29.0,190.0,85.0,BOT,0
154301,Michael L. McDonald,21.0,183.0,85.0,JAM,0
154311,Rusheen McDonald,19.0,175.0,81.0,JAM,0
154312,Rusheen McDonald,23.0,175.0,81.0,JAM,0
154404,"Robert Malcolm ""Bob"" McFarlane",21.0,178.0,75.0,CAN,0
154406,Danny D. McFarlane,28.0,183.0,75.0,JAM,0
154642,Troy McIntosh,23.0,178.0,73.0,BAH,0
154644,Troy McIntosh,27.0,178.0,73.0,BAH,0
154680,Antonio Ricardo McKay,20.0,183.0,77.0,USA,Bronze
154737,"Herbert Henry ""Herb"" McKenley",26.0,185.0,72.0,JAM,Silver
154740,"Herbert Henry ""Herb"" McKenley",30.0,185.0,72.0,JAM,Silver
155010,Michael Adrian McLean,22.0,185.0,77.0,CAN,0
155272,Tony McQuay,22.0,181.0,72.0,USA,0
155295,Fanahan McSweeney,25.0,183.0,76.0,IRL,0
156009,Didier Meja Esquivel,23.0,172.0,65.0,MEX,0
156790,Francisco Mauricio Menocal,22.0,175.0,70.0,NCA,0
156792,Francisco Mauricio Menocal,26.0,175.0,70.0,NCA,0
157021,"James Edwin ""Ted"" Meredith",20.0,175.0,71.0,USA,0
157024,"James Edwin ""Ted"" Meredith",28.0,175.0,71.0,USA,0
157235,Ned Alvin Merriam,23.0,178.0,61.0,USA,0
157262,LaShawn Merritt,22.0,191.0,86.0,USA,Gold
157264,LaShawn Merritt,26.0,191.0,86.0,USA,0
157266,LaShawn Merritt,30.0,191.0,86.0,USA,Bronze
157277,Nafi Ahmed Hamed Mersal,24.0,180.0,86.0,EGY,0
157566,Adrian Peter Metcalfe,22.0,188.0,87.0,GBR,0
157667,Karl-Adolf Metzner,22.0,180.0,80.0,GER,0
157669,Karl-Adolf Metzner,26.0,180.0,80.0,GER,0
158881,Jean ric Milazar,25.0,190.0,80.0,MRI,0
158883,Jean ric Milazar,29.0,190.0,80.0,MRI,0
158884,Jean ric Milazar,33.0,190.0,80.0,MRI,0
158890,Joel Milburn,22.0,182.0,75.0,AUS,0
158908,"Sven Osvald ""Ossi"" Mildh",22.0,180.0,82.5,FIN,0
159221,Leslie Osborne Miller,20.0,191.0,77.0,BAH,0
159241,Ramon Salomon Miller,25.0,180.0,67.0,BAH,0
159527,Mohamed Hossain Milzer,21.0,174.0,65.0,BAN,0
159774,Gary John Minihan,22.0,175.0,70.0,AUS,0
160104,Oleg Olegovich Mishukov,23.0,183.0,71.0,RUS,0
160285,"Richard Charles ""Rick"" Mitchell",21.0,183.0,71.0,AUS,0
160287,"Richard Charles ""Rick"" Mitchell",25.0,183.0,71.0,AUS,Silver
160997,Ato Modibo-Stephens,21.0,188.0,78.0,TTO,0
160999,Ato Modibo-Stephens,25.0,188.0,78.0,TTO,0
161000,Ato Modibo-Stephens,29.0,188.0,78.0,TTO,0
161090,Roger Moens,22.0,175.0,70.0,BEL,0
161279,Abdulla Mohamed Hussein,16.0,170.0,54.0,SOM,0
161334,Henry Mahlomola Mohoanyane,28.0,175.0,67.0,LES,0
161456,Hendrik Mokganyetsi,20.0,182.0,70.0,RSA,0
161458,Hendrik Mokganyetsi,25.0,182.0,70.0,RSA,0
161557,California Molefe,24.0,172.0,62.0,BOT,0
161848,Tams Molnr,24.0,183.0,75.0,HUN,0
161955,Avard Moncur,21.0,193.0,87.0,BAH,0
162029,Carlos Monges Caldera,22.0,180.0,66.0,MEX,0
162517,Jude Monye,22.0,188.0,79.0,NGR,0
162518,Jude Monye,26.0,188.0,79.0,NGR,0
163765,Mpho Jonas Morobe,29.0,172.0,60.0,LES,0
163878,Devon Morris,23.0,180.0,75.0,JAM,0
163880,Devon Morris,27.0,180.0,75.0,JAM,0
163882,Devon Morris,31.0,180.0,75.0,JAM,0
163894,Ian Morris,26.0,175.0,65.0,TTO,0
163895,Ian Morris,30.0,175.0,65.0,TTO,0
164189,Charles Moses,30.0,189.0,72.0,GHA,0
164280,Geiner Alonso Mosquera Becerra,24.0,187.0,75.0,COL,0
164351,Jonas Matas Motiejnas,25.0,188.0,77.0,LTU,0
164404,Wendell Adrian Mottley,23.0,173.0,72.0,TTO,Silver
164493,Fay R. Moulton,30.0,175.0,70.0,USA,0
164916,William Msiska,24.0,174.0,69.0,MAW,0
165216,Phillip Mukomana,26.0,188.0,80.0,ZIM,0
165404,Helmar Mller,29.0,180.0,74.0,FRG,0
165568,Wolfgang Mller,25.0,180.0,69.0,GDR,0
165682,Vincent Mumo Kiilu,22.0,163.0,56.0,KEN,0
165683,Vincent Mumo Kiilu,26.0,163.0,56.0,KEN,0
166335,Miles Murphy,21.0,185.0,75.0,AUS,0
166625,Enock Musonda,22.0,164.0,55.0,ZAM,0
166856,Agripa Mwausegha,28.0,174.0,66.0,MAW,0
168030,Jean-Claude Nallet,21.0,187.0,85.0,FRA,0
169422,Bryshon Lorenzo Nellum,23.0,183.0,80.0,USA,0
170078,Otto Neumann,25.0,178.0,71.0,GER,0
170211,David Neville,24.0,193.0,77.0,USA,Bronze
170299,"Frederick Vaughn ""Fred"" Newhouse",27.0,175.0,68.0,USA,Silver
170878,Christian Nicolau,21.0,174.0,65.0,FRA,0
172333,Sunder Lamont Nix,22.0,175.0,65.0,USA,0
172425,Elijah Nkala,24.0,165.0,69.0,ZIM,0
172450,Thophile Clorico Nkounkou,20.0,176.0,74.0,CGO,0
172466,Thomas N'Ma,28.0,175.0,64.0,LBR,0
173046,Carlos Noroa Gutirrez,19.0,172.0,70.0,CUB,0
173748,Camera Ntereke,28.0,183.0,72.0,BOT,0
173766,Georg Nckles,24.0,181.0,71.0,FRG,0
174011,Andrea Nuti,25.0,185.0,75.0,ITA,0
174072,Hezekiah Munyoro Nyamau,25.0,170.0,68.0,KEN,0
174074,Hezekiah Munyoro Nyamau,29.0,170.0,68.0,KEN,0
174334,Young Talkmore Nyongani,20.0,178.0,75.0,ZIM,0
174335,Young Talkmore Nyongani,24.0,178.0,75.0,ZIM,0
174987,Kennedy Ochieng,24.0,183.0,73.0,KEN,0
174989,Kennedy Ochieng,28.0,183.0,73.0,KEN,0
175467,Francis Ogola,19.0,183.0,74.0,UGA,0
175468,Francis Ogola,23.0,183.0,74.0,UGA,0
175803,Pushpa Raj Ojha,24.0,177.0,58.0,NEP,0
175806,Robert Ojo,31.0,180.0,70.0,NGR,0
175914,Ibrahim Okash Omar,19.0,180.0,65.0,SOM,0
176031,"Michael ""Mike"" Okot",25.0,173.0,60.0,UGA,0
176265,Clarence Winston Oldfield,20.0,178.0,59.0,RSA,0
176267,Clarence Winston Oldfield,24.0,178.0,59.0,RSA,0
176493,"Carl Oliver, Jr.",27.0,178.0,80.0,BAH,0
177089,Stefan Odak,19.0,175.0,64.0,POL,0
177157,Rafa Omelko,27.0,195.0,75.0,POL,0
177192,Amos Omolo,27.0,178.0,74.0,UGA,0
177195,Amos Omolo,31.0,178.0,74.0,UGA,0
177203,Shigekazu Omori,24.0,180.0,62.0,JPN,0
177372,Kyriakos Onisiforou,21.0,178.0,69.0,GRE,0
178392,Jun Osakada,26.0,177.0,67.0,JPN,0
178394,Jun Osakada,30.0,177.0,67.0,JPN,0
179181,Sergio Eliseo Ottolina,25.0,174.0,68.0,ITA,0
179318,Youba Mohamed Ould H'Mede,28.0,179.0,67.0,MTN,0
179357,Djibo Idrissa Ousseini,17.0,178.0,72.0,NIG,0
180844,Diego Armando Palomeque Echevarra,22.0,176.0,67.0,COL,0
182444,"Maxwell Lander ""Maxie"" Parks",25.0,188.0,78.0,USA,0
182579,Sanderlei Claro Parrela,19.0,194.0,77.0,BRA,0
182581,Sanderlei Claro Parrela,23.0,194.0,77.0,BRA,0
182639,Eli Burton Parsons,21.0,170.0,59.0,USA,0
183056,George Herbert Patching,25.0,184.0,77.0,RSA,0
183358,"Michael ""Mike"" Paul",27.0,185.0,77.0,TTO,0
183409,"Adriaan ""Adje"" Paulen",21.0,184.0,78.0,NED,0
183411,"Adriaan ""Adje"" Paulen",25.0,184.0,78.0,NED,0
184266,"Peder Alexander ""Alex"" Pedersen",21.0,182.0,70.0,NOR,0
184377,Ole Jacob Pedersen,23.0,183.0,70.0,NOR,0
184524,Geraldo Jos Pegado,25.0,185.0,73.0,BRA,0
184536,Arismendy Peguero Thicket,28.0,183.0,79.0,DOM,0
184845,Claro Alpe Pellosis,25.0,162.0,54.0,PHI,0
184860,David P. Peltier,20.0,180.0,70.0,BAR,0
185116,Jacques Pennewaert,24.0,184.0,76.0,BEL,0
185118,Jacques Pennewaert,28.0,184.0,76.0,BEL,0
186207,"Jakob ""Jacques"" Person",23.0,182.0,81.0,GER,0
186873,Alf Roland Petersson,27.0,190.0,80.0,SWE,0
187031,Stefanos Petrakis,23.0,174.0,62.0,GRE,0
187537,Sten Karl Leopold Pettersson,29.0,190.0,79.0,SWE,0
187575,Antonio Pettigrew,32.0,183.0,76.0,USA,0
187653,Derrick Peynado,20.0,183.0,73.0,JAM,0
188018,Joel Japheth Phillip,20.0,188.0,75.0,GRN,0
188063,Eric Phillips,17.0,174.0,68.0,VEN,0
188076,Hermon Edgar Phillips,24.0,178.0,68.0,USA,0
188140,Bobang Molebetsi Phiri,24.0,179.0,72.0,RSA,0
188141,Bobang Molebetsi Phiri,28.0,179.0,72.0,RSA,0
188660,Jerzy Pietrzyk,21.0,190.0,76.0,POL,0
188662,Jerzy Pietrzyk,25.0,190.0,76.0,POL,0
188811,Edmunds Plgs,25.0,172.0,67.0,URS,0
188848,Paul Henry Pilgrim,20.0,180.0,75.0,USA,0
188851,Paul Henry Pilgrim,22.0,180.0,75.0,USA,Gold
188853,Paul Henry Pilgrim,24.0,180.0,75.0,USA,0
188974,Melesio Pia Oregel,20.0,174.0,64.0,MEX,0
189003,Demetrius Rashad Pinder,23.0,178.0,70.0,BAH,0
189352,Phillip Pipersburg,29.0,168.0,63.0,BIZ,0
189566,Oscar Leonard Carl Pistorius,25.0,181.0,77.0,RSA,0
189827,Eutimio Evelio Planas del Ro,22.0,186.0,77.0,CUB,0
191186,Jorge Fidel Ponce,20.0,172.0,56.0,HON,0
192608,Rohan Handunpurage Pradeep Kumara,25.0,183.0,60.0,SRI,0
192610,Rohan Handunpurage Pradeep Kumara,29.0,183.0,60.0,SRI,0
193142,Leighton Priestley,21.0,180.0,66.0,JAM,0
193144,Leighton Priestley,25.0,180.0,66.0,JAM,0
193307,Meyer Prinstein,25.0,180.0,74.0,USA,0
193731,William Christopher Prout,22.0,180.0,76.0,USA,0
194076,Derek Charles Pugh,22.0,178.0,70.0,GBR,0
194932,Ebenezer Quaye Quartey,30.0,167.0,67.0,GHA,0
195000,"Yannick ""Yann"" Quentrec",22.0,190.0,75.0,FRA,0
195239,Renny Quow,20.0,170.0,66.0,TTO,0
195366,Marko Rai,28.0,168.0,62.0,YUG,0
195917,Franklin Benjamin Rahming,27.0,176.0,68.0,BAH,0
196429,Horace Patton Ramey,23.0,170.0,60.0,USA,0
196524,Manuel Ramrez Caicedo,26.0,172.0,60.0,COL,0
196689,"Joseph ""Joe"" Ramotshabi",18.0,180.0,70.0,BOT,0
196690,"Joseph ""Joe"" Ramotshabi",22.0,180.0,70.0,BOT,0
196710,Godfrey Lionel Rampling,23.0,185.0,75.0,GBR,0
196712,Godfrey Lionel Rampling,27.0,185.0,75.0,GBR,0
196854,Arsne Randriamahazomana,22.0,173.0,70.0,MAD,0
197062,Jean-Louis Rapnouil,30.0,174.0,69.0,FRA,0
197085,Marc Raquil,23.0,193.0,85.0,FRA,0
197311,Grard Rasquin,24.0,181.0,74.0,LUX,0
197313,Grard Rasquin,29.0,181.0,74.0,LUX,0
198161,Derek Anthony Redmond,26.0,183.0,70.0,GBR,0
198585,Charles Decker Reidpath,22.0,181.0,76.0,USA,Gold
199302,"Hans-Joachim ""Jochen"" Reske",20.0,184.0,80.0,GER,0
199598,"Harry Lee ""Butch"" Reynolds, Jr.",24.0,193.0,84.0,USA,Silver
199600,"Harry Lee ""Butch"" Reynolds, Jr.",32.0,193.0,84.0,USA,0
199623,Martin Edward Reynolds,23.0,185.0,77.0,GBR,0
199727,George Vincent Rhoden,21.0,178.0,68.0,JAM,0
199729,George Vincent Rhoden,25.0,178.0,68.0,JAM,Gold
199985,Danilson Ricciuli,21.0,175.0,76.0,GBS,0
200937,"Jan William Joslin ""John"" Rinkel",23.0,183.0,75.0,GBR,0
201318,"Francisco ""Frank"" Rivera Paniagua",24.0,175.0,59.0,PUR,0
201473,Syed Meshaq Rizvi,22.0,175.0,65.0,PAK,0
201651,"William ""Bill"" Roberts",24.0,173.0,70.0,GBR,0
201653,"William ""Bill"" Roberts",36.0,173.0,70.0,GBR,0
201672,Gil Roberts,27.0,188.0,82.0,USA,0
201832,Lawson Robertson,22.0,183.0,68.0,USA,0
201862,"Raymond Amos ""Ray"" Robertson",22.0,175.0,61.0,USA,0
201929,Barry Clyde Robinson,23.0,187.0,76.0,NZL,0
202181,"Kenneth James ""Ken"" Roche",22.0,188.0,84.0,AUS,0
202277,"Joseph ""Joe"" Rodan",33.0,185.0,75.0,FIJ,0
202278,"Joseph ""Joe"" Rodan",37.0,185.0,75.0,FIJ,0
202437,Jaime Nharimue Rodrigues,33.0,181.0,71.0,MOZ,0
202438,Jaime Nharimue Rodrigues,37.0,181.0,71.0,MOZ,0
202624,Ivn Rodrguez Padilla,19.0,174.0,63.0,PUR,0
202626,Ivn Rodrguez Padilla,23.0,174.0,63.0,PUR,0
203287,Francisco Rojas Soto,21.0,180.0,73.0,PAR,0
203516,Fabian Nicholas Rollins,24.0,188.0,77.0,BAR,0
204047,Martyn Joseph Rooney,21.0,198.0,81.0,GBR,0
204049,Martyn Joseph Rooney,25.0,198.0,81.0,GBR,0
204051,Martyn Joseph Rooney,29.0,198.0,81.0,GBR,0
204119,Argemiro Roque,28.0,180.0,64.0,BRA,0
204343,James Maher Rosenberger,25.0,186.0,73.0,USA,0
204443,Ak Hafiy Tajuddin Rositi,21.0,175.0,64.0,BRU,0
204514,Claude Murray Ross,18.0,170.0,67.0,ANZ,0
204913,Stephen Bartonjo Rotich,18.0,165.0,63.0,KEN,0
204915,Stephen Bartonjo Rotich,22.0,165.0,63.0,KEN,0
205498,Emmanuel Rubayiza,18.0,180.0,72.0,RWA,0
205690,Bevil Gordon d'Urban Rudd,24.0,180.0,77.0,RSA,Gold
205737,Daniel Matasi Rudisha,23.0,180.0,76.0,KEN,0
206164,Johannes Runge,26.0,185.0,75.0,GER,0
206167,Johannes Runge,28.0,185.0,75.0,GER,0
206377,Alonzo Russell,24.0,174.0,68.0,BAH,0
206489,Mathias Rusterholz,24.0,183.0,71.0,SUI,0
207031,Piotr Grzegorz Rysiukiewicz,22.0,174.0,65.0,POL,0
207033,Piotr Grzegorz Rysiukiewicz,26.0,174.0,65.0,POL,0
207141,Mohamed Saad Mubarak,23.0,164.0,64.0,KUW,0
207371,"Zvonimir ""Zvonko"" Sabolovi",25.0,185.0,68.0,YUG,0
207550,Muhammad Sadiq,26.0,183.0,88.0,PAK,0
207819,Nusrat Iqbal Sahi,22.0,175.0,82.0,PAK,0
207875,Moussa Said,21.0,180.0,64.0,ETH,0
208113,Muhammad Sajid Ahmad,24.0,182.0,72.0,PAK,0
208295,Aktawat Sakoolchan,19.0,179.0,64.0,THA,0
208653,John Edward Salisbury,22.0,180.0,70.0,GBR,0
209071,Ezra Kenyoke Sambu,25.0,175.0,70.0,KEN,0
209390,Antonio Snchez Muoz,20.0,181.0,72.0,ESP,0
209392,Antonio Snchez Muoz,24.0,181.0,72.0,ESP,0
209913,"Michael ""Mike"" Sands",23.0,183.0,76.0,BAH,0
209991,Felix Sandy,23.0,178.0,70.0,SLE,0
210010,Donald Eugene Sanford,25.0,196.0,81.0,ISR,0
210011,Donald Eugene Sanford,29.0,196.0,81.0,ISR,0
210021,Julius Sang,26.0,175.0,69.0,KEN,Bronze
210024,Lucas Kipkemboi Sang,25.0,188.0,72.0,KEN,0
210184,Carlos Yohelin Santa Ramrez,22.0,183.0,77.0,DOM,0
210185,Carlos Yohelin Santa Ramrez,26.0,183.0,77.0,DOM,0
210399,Lugueln Miguel Santos Aquino,18.0,173.0,58.0,DOM,Silver
210401,Lugueln Miguel Santos Aquino,22.0,173.0,58.0,DOM,0
210719,Samuel Sarkpa,23.0,175.0,64.0,LBR,0
211111,Mitsuhiro Sato,24.0,175.0,62.0,JPN,0
211317,Reinhold Saulmann,24.0,184.0,75.0,EST,0
211325,Brian Saunders,24.0,183.0,68.0,CAN,0
211327,Brian Saunders,32.0,183.0,68.0,CAN,0
211603,Savin Chem,28.0,171.0,67.0,CAM,0
211855,Habib Zareef Sayed,23.0,170.0,58.0,AFG,0
212251,Frank Schaffer,21.0,188.0,80.0,GDR,Bronze
212697,Francis Schewetta,28.0,180.0,72.0,FRA,0
212841,George Sylvester Schiller,19.0,175.0,66.0,USA,0
213071,Horst-Rdiger Schlske (Pfau-),26.0,177.0,65.0,FRG,0
213340,Reinhold Schmidt,25.0,178.0,69.0,GER,0
213480,Johannes Schmitt,21.0,179.0,67.0,GER,0
213929,Thomas Schnlebe,23.0,185.0,74.0,GDR,0
213931,Thomas Schnlebe,26.0,185.0,74.0,GER,0
214437,"Hermanus Ricardus Johannes ""Harry"" Schulting",24.0,192.0,79.0,NED,0
214462,Ingo Schultz,29.0,201.0,99.0,GER,0
216400,"Marcus ""Mark"" Senior",20.0,170.0,67.0,JAM,0
216930,Matija estak,27.0,193.0,82.0,SLO,0
216932,Matija estak,31.0,193.0,82.0,SLO,0
217221,Ahmed Shageef,17.0,166.0,65.0,MDV,0
217869,Frank Joseph Shea,26.0,181.0,73.0,USA,0
218177,"Melvin Winfield ""Mel"" Sheppard",28.0,177.0,67.0,USA,0
218961,Dennis Victor Shore,21.0,189.0,80.0,RSA,0
218964,Dennis Victor Shore,33.0,189.0,80.0,RSA,0
219242,Karabo Sibanda,18.0,185.0,70.0,BOT,0
219327,Antonio Siddi,29.0,177.0,73.0,ITA,0
219729,Oddur Sigursson,21.0,181.0,70.0,ISL,0
219730,Oddur Sigursson,25.0,181.0,70.0,ISL,0
219894,Foday Sillah,18.0,175.0,62.0,SLE,0
219913,Vasilios Sillis,23.0,181.0,73.0,GRE,0
219914,Vasilios Sillis,31.0,181.0,73.0,GRE,0
219955,Andrs Byron Silva Lemos,18.0,178.0,78.0,URU,0
219956,Andrs Byron Silva Lemos,22.0,178.0,78.0,URU,0
219996,Fernando da Cuha Silva,20.0,176.0,75.0,POR,0
220150,Odiya Silweya,29.0,172.0,70.0,MAW,0
220553,George Simon,25.0,180.0,75.0,TTO,0
220741,Brandon Allan Simpson,22.0,185.0,79.0,JAM,0
220941,Vanxay Sinebandith,23.0,170.0,60.0,LAO,0
221117,Milkha Singh,21.0,172.0,66.0,IND,0
221118,Milkha Singh,24.0,172.0,66.0,IND,0
221133,Paramjit Singh,29.0,187.0,73.0,IND,0
222012,Erwin Richard Skamrahl,26.0,178.0,67.0,FRG,0
222122,Pierre Skawinski,23.0,185.0,76.0,FRA,0
222169,Anton Skerritt,20.0,185.0,74.0,TTO,0
222171,Anton Skerritt,24.0,185.0,74.0,CAN,0
222203,Edwin Joseph Skinner,23.0,180.0,76.0,TTO,0
223103,Robert Harold Smallwood,21.0,186.0,79.0,USA,0
223614,John Walton Smith,22.0,188.0,83.0,USA,0
224090,Emil Snider,20.0,185.0,73.0,USA,0
224883,"Michael ""Mike"" Solomon",21.0,171.0,60.0,TTO,0
224885,"Michael ""Mike"" Solomon",25.0,171.0,60.0,TTO,0
224888,Steven Solomon,19.0,186.0,73.0,AUS,0
225064,Son Ju-Il,26.0,175.0,69.0,KOR,0
225921,"Frederick Oliver Newgent ""Fred"" Sowerby",27.0,180.0,74.0,ANT,0
226324,"Malcolm Emanuel Augustus ""Mal"" Spence",20.0,177.0,71.0,JAM,0
226326,"Malcolm Emanuel Augustus ""Mal"" Spence",24.0,177.0,71.0,WIF,0
226329,Malcolm Clive Spence,19.0,187.0,76.0,RSA,0
226330,Malcolm Clive Spence,22.0,187.0,76.0,RSA,Bronze
226333,"Melville Emanuel Alfonso ""Mel"" Spence",20.0,177.0,71.0,JAM,0
227045,Ali St. Louis,25.0,175.0,71.0,TTO,0
227600,Augusto Jos Stanley Netepczuk,24.0,189.0,80.0,PAR,0
227686,Ian Stapleton,20.0,183.0,68.0,JAM,0
228137,Andrew Steele,23.0,182.0,78.0,GBR,0
228333,Bjarni Stefnsson,21.0,180.0,70.0,ISL,0
228335,Bjarni Stefnsson,25.0,180.0,70.0,ISL,0
229027,Andrzej Stpie,27.0,180.0,76.0,POL,0
229996,Nelson Stone,28.0,179.0,75.0,PNG,0
230004,"Robert Alan ""Rob"" Stone",23.0,176.0,71.0,AUS,0
230007,Crew Hadlett Stoneley,21.0,163.0,51.0,GBR,0
230136,"Werner ""Harry"" Storz",24.0,175.0,68.0,GER,0
230404,Brje Johannes Strandvall,23.0,175.0,66.0,FIN,0
230406,Brje Johannes Strandvall,27.0,175.0,66.0,FIN,0
230513,Seibert Straughn,20.0,193.0,77.0,BAR,0
230515,Seibert Straughn,24.0,193.0,77.0,BAR,0
230796,Sven Emil Strmberg,25.0,176.0,73.0,SWE,0
231784,Jaakko Johannes Suikkari,26.0,180.0,78.0,FIN,0
232802,Tauno Johannes Suvanto,23.0,182.0,73.0,FIN,0
233207,Hryhoriy Sverbetov,25.0,183.0,76.0,URS,0
233419,Renelda Swan,18.0,178.0,70.0,BER,0
233460,Stanisaw Swatowski,26.0,175.0,72.0,POL,0
233462,Stanisaw Swatowski,30.0,175.0,72.0,POL,0
233744,"Rudieon ""Rudy"" Sylvan",21.0,175.0,73.0,GRN,0
234187,Zsolt Szeglet,23.0,180.0,76.0,HUN,0
234189,Zsolt Szeglet,27.0,180.0,76.0,HUN,0
234684,Kenji Tabata,25.0,176.0,66.0,JPN,0
234798,Mulugetta Tadesse,26.0,176.0,64.0,ETH,0
235267,Susumu Takano,23.0,178.0,70.0,JPN,0
235269,Susumu Takano,27.0,178.0,70.0,JPN,0
235272,Susumu Takano,31.0,178.0,70.0,JPN,0
235577,Olavi Anselmi Talja,23.0,182.0,73.0,FIN,0
235751,Lapule Tamean,21.0,172.0,67.0,PNG,0
236427,Bralon Shazam Taplin,24.0,180.0,75.0,GRN,0
237111,"John Baxter Taylor, Jr.",25.0,181.0,74.0,USA,0
237113,John Coard Taylor,23.0,180.0,73.0,USA,0
237225,Ernest Tch-Noubossie,32.0,185.0,80.0,CMR,0
237462,"Eduardo Antonio ""Eddy"" Tllez Valerino",24.0,180.0,70.0,CUB,0
237612,Edilson Rocha Tenrio,25.0,196.0,77.0,BRA,0
237748,Jorge Tern Hernndez,25.0,178.0,74.0,MEX,0
238599,Thet Zaw Win,21.0,162.0,55.0,MYA,0
238771,Robosingho Arachchilage Don Sugath Thilakaratne,22.0,170.0,60.0,SRI,0
238772,Robosingho Arachchilage Don Sugath Thilakaratne,27.0,170.0,60.0,SRI,0
238925,Daniel M. Thomas,27.0,178.0,64.0,TAN,0
238959,Iwan Gwyn Thomas,22.0,186.0,85.0,GBR,0
239470,Somsak Thonf Ar-Ram,22.0,162.0,61.0,THA,0
239480,Somsak Thongsuk,25.0,168.0,64.0,THA,0
239867,Gabriel J. Tiacoh,20.0,180.0,75.0,CIV,Silver
239869,Gabriel J. Tiacoh,25.0,180.0,75.0,CIV,0
240010,"Joseph Paul ""Joe"" Tierney",25.0,178.0,61.0,USA,0
240754,"Charles Terence ""Terry"" Tobacco",20.0,188.0,63.0,CAN,0
240756,"Charles Terence ""Terry"" Tobacco",24.0,188.0,63.0,CAN,0
240784,Horia Toboc,25.0,184.0,71.0,ROU,0
240875,Willis Todman,22.0,167.0,66.0,IVB,0
241159,Juan Pedro Toledo Domnguez,22.0,187.0,85.0,MEX,0
241543,Yoshiharu Tomonaga,22.0,178.0,70.0,JPN,0
242764,Roberto Tozzi,21.0,180.0,72.0,ITA,0
242964,Rgis Tranquille,25.0,182.0,74.0,SEY,0
243249,Pavel Aleksandrovich Trenikhin,26.0,180.0,70.0,RUS,0
243775,Josef Trousil,25.0,182.0,70.0,TCH,0
243777,Josef Trousil,29.0,182.0,70.0,TCH,0
244878,Takale Tuna,23.0,184.0,75.0,PNG,0
245800,Dele Ndubuisi Udo,23.0,187.0,78.0,NGR,0
246289,George Bernard Underwood,19.0,176.0,74.0,USA,0
246769,Carlton Usher,19.0,168.0,68.0,BIZ,0
246920,Sunday Uti,21.0,175.0,68.0,NGR,0
246922,Sunday Uti,25.0,175.0,68.0,NGR,0
247063,Marco Vaccari,26.0,180.0,69.0,ITA,0
247135,Jzsef Vadas,24.0,175.0,62.0,HUN,0
247594,Brandon Valentine-Parris,21.0,173.0,55.0,VIN,0
248103,Cdric Marie Carlos Thrse Van Branteghem,25.0,176.0,73.0,BEL,0
248104,Cdric Marie Carlos Thrse Van Branteghem,29.0,176.0,73.0,BEL,0
248281,"Marinus ""Rinus"" van den Berge",28.0,171.0,65.0,NED,0
249269,Wayde van Niekerk,24.0,183.0,70.0,RSA,Gold
249686,Zdenk Va,21.0,170.0,64.0,TCH,0
250532,Peter Francis Vassella,23.0,175.0,69.0,AUS,0
251015,Daniel Roger Vlasquez,28.0,175.0,70.0,FRA,0
251422,Niko Verakauta,21.0,186.0,74.0,FIJ,0
251493,David Verburg,25.0,173.0,70.0,USA,0
253046,Casey Garnett Vincent,21.0,183.0,78.0,AUS,0
253048,Casey Garnett Vincent,25.0,183.0,78.0,AUS,0
254563,Johan Bertil Karl von Wachenfeldt,27.0,188.0,76.0,SWE,0
255185,Jaroslav Vykoupil,20.0,176.0,67.0,TCH,0
255322,Ibrahima Wade,32.0,193.0,82.0,FRA,0
255952,Anthony Wayne Wallace,23.0,191.0,82.0,JAM,0
256031,Frank Laird Waller,20.0,176.0,71.0,USA,Silver
256172,Julian Jrummi Walsh,19.0,175.0,75.0,JPN,0
256263,"William John ""Willie"" Walters",24.0,186.0,73.0,RSA,0
257128,Jeremy Matthew Wariner,20.0,188.0,71.0,USA,Gold
257130,Jeremy Matthew Wariner,24.0,188.0,71.0,USA,Silver
257434,Takahiro Watanabe,22.0,185.0,75.0,JPN,0
257609,Elieser Wattebosi,24.0,167.0,58.0,INA,0
257634,Quincy Dushawn Watts,22.0,190.0,88.0,USA,Gold
257872,Ren Weber,27.0,178.0,74.0,SUI,0
258027,"James Edward ""Jim"" Wedderburn",22.0,178.0,73.0,WIF,0
258296,Saul Weigopwa,18.0,175.0,71.0,NGR,0
258298,Saul Weigopwa,22.0,175.0,71.0,NGR,0
258558,Zygmunt Eugeniusz Weiss,25.0,180.0,78.0,POL,0
259083,Jan Werner,22.0,191.0,86.0,POL,0
259085,Jan Werner,26.0,191.0,86.0,POL,0
259087,Jan Werner,29.0,191.0,86.0,POL,0
259552,"Michael Keith Valentine ""Mike"" Wheeler",21.0,187.0,76.0,GBR,0
259789,"Malvin Groston ""Mal"" Whitfield",23.0,185.0,76.0,USA,Bronze
259792,"Malvin Groston ""Mal"" Whitfield",27.0,185.0,76.0,USA,0
259876,Brian Whittle,24.0,190.0,77.0,GBR,0
260597,"Erik Wilhelm ""Erkka"" Wiln",21.0,180.0,73.0,FIN,0
260599,"Erik Wilhelm ""Erkka"" Wiln",25.0,180.0,73.0,FIN,0
260903,"Archibald Franklin ""Archie"" Williams",21.0,183.0,80.0,USA,Gold
260935,Conrad Williams,30.0,182.0,75.0,GBR,0
261156,Ulis C. Williams,22.0,185.0,75.0,USA,0
261355,"Alexander Sheldon ""Alex"" Wilson",20.0,178.0,66.0,CAN,0
261358,"Alexander Sheldon ""Alex"" Wilson",24.0,178.0,66.0,CAN,Bronze
261462,Eric Colquhoun Wilson,23.0,183.0,73.0,USA,0
261648,Wickramesinghe Wimaladasa,28.0,177.0,62.0,SRI,0
261684,Martin John Winbolt-Lewis,21.0,185.0,73.0,GBR,0
261899,Arthur Stanley Wint,28.0,194.0,77.0,JAM,Gold
261902,Arthur Stanley Wint,32.0,194.0,77.0,JAM,0
262077,Johan Lukas Wissman,25.0,167.0,75.0,SWE,0
262487,Lars-Erik Ragnar Wolfbrandt,23.0,178.0,70.0,SWE,0
263268,John Derek Wrighton,27.0,189.0,80.0,GBR,0
263284,Sean Wroe,23.0,185.0,75.0,AUS,0
263686,Desai Wynter,22.0,181.0,79.0,ISV,0
263687,Desai Wynter,26.0,181.0,79.0,ISV,0
264138,Mohammad Anas Yahiya,21.0,177.0,69.0,IND,0
264352,Yuki Yamaguchi,20.0,174.0,63.0,JPN,0
264442,Takahiko Yamamura,21.0,176.0,68.0,JPN,0
265068,Harold Malcolm Yardley,19.0,170.0,65.0,GBR,0
265192,Samuela Yavala,25.0,173.0,69.0,FIJ,0
265586,"John Lloyd ""Jack"" Yerman",21.0,183.0,81.0,USA,0
266235,Donnell Brooks Young,24.0,183.0,71.0,USA,0
266237,Earl Verdelle Young,19.0,190.0,79.0,USA,0
266354,Rabah Yousif,25.0,184.0,71.0,SUD,0
266803,Yun Nam-Han,19.0,180.0,74.0,KOR,0
268124,Sergey Aleksandrovich Zaykov,24.0,190.0,76.0,KAZ,0
268573,Michael Zerbes,24.0,195.0,81.0,GDR,0
270595,Feliks Grzegorz uber,22.0,167.0,60.0,POL,0
270760,Mauro Carlo Zuliani,20.0,175.0,62.0,ITA,0
270959,Lloyd Zvasiya,23.0,190.0,80.0,ZIM,0
